1	cards	first	200	0.010381	953
1	cards	sample	200	0.012477	952
1	cards	sample	200	0.014112	953
1	cards	sample	200	0.011956	953
1	cards	sample	200	0.014174	953
1	cards	sample	200	0.013029	953
1	cards	sample	200	0.012781	953
1	cards	sample	200	0.011402	953
1	cards	sample	200	0.010026	952
1	cards	sample	200	0.010730	953
1	cards	sample	200	0.009539	953
1	cards	sample	200	0.023005	953
1	cards	sample	200	0.017758	953
1	cards	sample	200	0.015999	953
1	cards	sample	200	0.015943	953
1	cards	sample	200	0.015415	953
1	cards	sample	200	0.013481	953
1	cards	sample	200	0.013993	953
1	cards	sample	200	0.016650	952
1	cards	sample	200	0.011631	953
1	cards	sample	200	0.014203	953
1	cards	sample	200	0.017268	953
1	cards	sample	200	0.024198	953
1	cards	sample	200	0.015872	953
1	cards	sample	200	0.016237	953
1	cards	sample	200	0.016828	953
1	cards	sample	200	0.014091	953
1	cards	sample	200	0.016579	953
1	cards	sample	200	0.016495	953
1	cards	sample	200	0.013849	953
1	cards	sample	200	0.012916	953
1	cards	sample	200	0.015323	953
1	cards	sample	200	0.019214	953
1	cards	sample	200	0.015571	953
1	cards	sample	200	0.014113	953
1	cards	sample	200	0.012527	953
1	cards	sample	200	0.017255	953
1	cards	sample	200	0.018312	953
1	cards	sample	200	0.012905	953
1	cards	sample	200	0.014303	953
1	cards	sample	200	0.013527	953
1	cards	sample	200	0.017220	953
1	cards	sample	200	0.025134	953
1	cards	sample	200	0.012840	953
1	cards	sample	200	0.019836	953
1	cards	sample	200	0.013733	953
1	cards	sample	200	0.013702	953
1	cards	sample	200	0.012716	953
1	cards	sample	200	0.015115	953
1	cards	sample	200	0.014269	953
1	cards	sample	200	0.014341	953
1	cards	sample	200	0.013576	952
1	cards	sample	200	0.015151	953
1	cards	sample	200	0.018472	953
1	cards	sample	200	0.015477	953
1	cards	sample	200	0.015554	953
1	cards	sample	200	0.017275	953
1	cards	sample	200	0.015578	953
1	cards	sample	200	0.017695	953
1	cards	sample	200	0.016201	953
1	cards	sample	200	0.020896	953
1	cards	sample	200	0.021184	953
1	cards	sample	200	0.013307	953
1	cards	sample	200	0.019502	953
1	cards	sample	200	0.016015	953
1	cards	sample	200	0.012807	952
1	cards	sample	200	0.019028	953
1	cards	sample	200	0.017923	952
1	cards	sample	200	0.011314	953
1	cards	sample	200	0.018505	953
1	cards	sample	200	0.013416	951
1	cards	sample	200	0.014781	953
1	cards	sample	200	0.016874	953
1	cards	sample	200	0.016490	953
1	cards	sample	200	0.012846	953
1	cards	sample	200	0.014397	952
1	cards	sample	200	0.015290	953
1	cards	sample	200	0.012093	953
1	cards	sample	200	0.015700	953
1	cards	sample	200	0.026422	953
1	cards	sample	200	0.018859	953
1	cards	sample	200	0.015315	953
1	cards	sample	200	0.015351	953
1	cards	sample	200	0.011921	953
1	cards	sample	200	0.012852	952
1	cards	sample	200	0.012023	953
1	cards	sample	200	0.012828	953
1	cards	sample	200	0.013529	953
1	cards	sample	200	0.013241	953
1	cards	sample	200	0.013047	953
1	cards	sample	200	0.012562	953
1	cards	sample	200	0.016982	953
1	cards	sample	200	0.011823	953
1	cards	sample	200	0.012849	953
1	cards	sample	200	0.015232	952
1	cards	sample	200	0.017172	953
1	cards	sample	200	0.013748	953
1	cards	sample	200	0.014584	953
1	cards	sample	200	0.013959	953
1	cards	sample	200	0.014832	953
1	cards	sample	200	0.015778	953
1	sessions	first	200	0.014997	984
1	sessions	sample	200	0.014873	984
1	sessions	sample	200	0.016511	984
1	sessions	sample	200	0.014368	984
1	sessions	sample	200	0.018100	984
1	sessions	sample	200	0.014116	984
1	sessions	sample	200	0.014208	984
1	sessions	sample	200	0.016470	984
1	sessions	sample	200	0.023806	984
1	sessions	sample	200	0.017217	984
1	sessions	sample	200	0.020294	984
1	sessions	sample	200	0.017197	984
1	sessions	sample	200	0.015948	984
1	sessions	sample	200	0.015148	984
1	sessions	sample	200	0.014822	984
1	sessions	sample	200	0.016812	984
1	sessions	sample	200	0.014951	984
1	sessions	sample	200	0.017327	984
1	sessions	sample	200	0.014184	984
1	sessions	sample	200	0.012683	984
1	sessions	sample	200	0.013930	984
1	sessions	sample	200	0.015213	984
1	sessions	sample	200	0.015180	984
1	sessions	sample	200	0.013707	984
1	sessions	sample	200	0.013917	984
1	sessions	sample	200	0.014606	984
1	sessions	sample	200	0.015984	984
1	sessions	sample	200	0.018977	984
1	sessions	sample	200	0.022771	984
1	sessions	sample	200	0.015949	984
1	sessions	sample	200	0.018284	984
1	sessions	sample	200	0.017105	984
1	sessions	sample	200	0.015386	984
1	sessions	sample	200	0.014769	984
1	sessions	sample	200	0.015512	984
1	sessions	sample	200	0.019090	984
1	sessions	sample	200	0.014325	984
1	sessions	sample	200	0.016455	984
1	sessions	sample	200	0.014723	984
1	sessions	sample	200	0.015950	984
1	sessions	sample	200	0.016472	984
1	sessions	sample	200	0.016809	984
1	sessions	sample	200	0.017320	984
1	sessions	sample	200	0.018321	984
1	sessions	sample	200	0.015264	984
1	sessions	sample	200	0.016588	984
1	sessions	sample	200	0.020307	984
1	sessions	sample	200	0.015788	984
1	sessions	sample	200	0.017349	984
1	sessions	sample	200	0.011522	984
1	sessions	sample	200	0.017565	984
1	sessions	sample	200	0.016619	984
1	sessions	sample	200	0.021054	984
1	sessions	sample	200	0.015079	984
1	sessions	sample	200	0.017759	984
1	sessions	sample	200	0.015086	984
1	sessions	sample	200	0.014993	984
1	sessions	sample	200	0.015080	984
1	sessions	sample	200	0.016989	984
1	sessions	sample	200	0.012850	984
1	sessions	sample	200	0.015865	984
1	sessions	sample	200	0.017283	984
1	sessions	sample	200	0.013605	984
1	sessions	sample	200	0.013609	984
1	sessions	sample	200	0.019514	984
1	sessions	sample	200	0.018799	984
1	sessions	sample	200	0.016552	984
1	sessions	sample	200	0.017695	984
1	sessions	sample	200	0.014967	984
1	sessions	sample	200	0.020883	984
1	sessions	sample	200	0.019178	984
1	sessions	sample	200	0.012121	984
1	sessions	sample	200	0.015458	984
1	sessions	sample	200	0.017777	984
1	sessions	sample	200	0.016878	984
1	sessions	sample	200	0.016037	984
1	sessions	sample	200	0.018736	984
1	sessions	sample	200	0.014239	984
1	sessions	sample	200	0.014401	984
1	sessions	sample	200	0.015803	984
1	sessions	sample	200	0.020239	984
1	sessions	sample	200	0.013494	984
1	sessions	sample	200	0.014327	984
1	sessions	sample	200	0.016930	984
1	sessions	sample	200	0.017539	984
1	sessions	sample	200	0.015765	984
1	sessions	sample	200	0.013278	984
1	sessions	sample	200	0.016699	984
1	sessions	sample	200	0.019672	984
1	sessions	sample	200	0.016133	984
1	sessions	sample	200	0.015483	984
1	sessions	sample	200	0.014552	984
1	sessions	sample	200	0.014918	984
1	sessions	sample	200	0.019075	984
1	sessions	sample	200	0.020402	984
1	sessions	sample	200	0.017035	984
1	sessions	sample	200	0.014364	984
1	sessions	sample	200	0.015372	984
1	sessions	sample	200	0.015729	984
1	sessions	sample	200	0.018003	984
1	sessions	sample	200	0.015424	984
1	rooms	first	200	0.011592	751
1	rooms	sample	200	0.015799	751
1	rooms	sample	200	0.016252	751
1	rooms	sample	200	0.008081	751
1	rooms	sample	200	0.011278	751
1	rooms	sample	200	0.015398	751
1	rooms	sample	200	0.015666	751
1	rooms	sample	200	0.015855	751
1	rooms	sample	200	0.017857	751
1	rooms	sample	200	0.013927	751
1	rooms	sample	200	0.014196	751
1	rooms	sample	200	0.016509	751
1	rooms	sample	200	0.015956	751
1	rooms	sample	200	0.012515	751
1	rooms	sample	200	0.014407	751
1	rooms	sample	200	0.013739	751
1	rooms	sample	200	0.016423	751
1	rooms	sample	200	0.014271	751
1	rooms	sample	200	0.011212	751
1	rooms	sample	200	0.017670	751
1	rooms	sample	200	0.017464	751
1	rooms	sample	200	0.015407	751
1	rooms	sample	200	0.016407	751
1	rooms	sample	200	0.020385	751
1	rooms	sample	200	0.013434	751
1	rooms	sample	200	0.017777	751
1	rooms	sample	200	0.046168	751
1	rooms	sample	200	0.014471	751
1	rooms	sample	200	0.011249	751
1	rooms	sample	200	0.017897	751
1	rooms	sample	200	0.013363	751
1	rooms	sample	200	0.013161	751
1	rooms	sample	200	0.015311	751
1	rooms	sample	200	0.015584	751
1	rooms	sample	200	0.016214	751
1	rooms	sample	200	0.016704	751
1	rooms	sample	200	0.012327	751
1	rooms	sample	200	0.014480	751
1	rooms	sample	200	0.011314	751
1	rooms	sample	200	0.015457	751
1	rooms	sample	200	0.027178	751
1	rooms	sample	200	0.015525	751
1	rooms	sample	200	0.014748	751
1	rooms	sample	200	0.015327	751
1	rooms	sample	200	0.011794	751
1	rooms	sample	200	0.014607	751
1	rooms	sample	200	0.013370	751
1	rooms	sample	200	0.014997	751
1	rooms	sample	200	0.012229	751
1	rooms	sample	200	0.013924	751
1	rooms	sample	200	0.014537	751
1	rooms	sample	200	0.024437	751
1	rooms	sample	200	0.015523	751
1	rooms	sample	200	0.021106	751
1	rooms	sample	200	0.011299	751
1	rooms	sample	200	0.011330	751
1	rooms	sample	200	0.016796	751
1	rooms	sample	200	0.012421	751
1	rooms	sample	200	0.015140	751
1	rooms	sample	200	0.015431	751
1	rooms	sample	200	0.013868	751
1	rooms	sample	200	0.013385	751
1	rooms	sample	200	0.012992	751
1	rooms	sample	200	0.015392	751
1	rooms	sample	200	0.017573	751
1	rooms	sample	200	0.014017	751
1	rooms	sample	200	0.018142	751
1	rooms	sample	200	0.012168	751
1	rooms	sample	200	0.012846	751
1	rooms	sample	200	0.016454	751
1	rooms	sample	200	0.017146	751
1	rooms	sample	200	0.014810	751
1	rooms	sample	200	0.017927	751
1	rooms	sample	200	0.013998	751
1	rooms	sample	200	0.012149	751
1	rooms	sample	200	0.013687	751
1	rooms	sample	200	0.012501	751
1	rooms	sample	200	0.013319	751
1	rooms	sample	200	0.012417	751
1	rooms	sample	200	0.015784	751
1	rooms	sample	200	0.014842	751
1	rooms	sample	200	0.022136	751
1	rooms	sample	200	0.013709	751
1	rooms	sample	200	0.015512	751
1	rooms	sample	200	0.017229	751
1	rooms	sample	200	0.018279	751
1	rooms	sample	200	0.010700	751
1	rooms	sample	200	0.015306	751
1	rooms	sample	200	0.016013	751
1	rooms	sample	200	0.014503	751
1	rooms	sample	200	0.013199	751
1	rooms	sample	200	0.017228	751
1	rooms	sample	200	0.014198	751
1	rooms	sample	200	0.015309	751
1	rooms	sample	200	0.014323	751
1	rooms	sample	200	0.019637	751
1	rooms	sample	200	0.014958	751
1	rooms	sample	200	0.014372	751
1	rooms	sample	200	0.017001	751
1	rooms	sample	200	0.011499	751
1	rooms	sample	200	0.014159	751
1	messages	first	200	0.011326	41407
1	messages	sample	200	0.008295	41407
1	messages	sample	200	0.009903	41407
1	messages	sample	200	0.012768	41407
1	messages	sample	200	0.011516	41407
1	messages	sample	200	0.010621	41407
1	messages	sample	200	0.013390	41407
1	messages	sample	200	0.008449	41407
1	messages	sample	200	0.009851	41407
1	messages	sample	200	0.012223	41407
1	messages	sample	200	0.011026	41407
1	messages	sample	200	0.009023	41407
1	messages	sample	200	0.011459	41407
1	messages	sample	200	0.010627	41407
1	messages	sample	200	0.013939	41407
1	messages	sample	200	0.010406	41407
1	messages	sample	200	0.011686	41407
1	messages	sample	200	0.017148	41407
1	messages	sample	200	0.012223	41407
1	messages	sample	200	0.009082	41407
1	messages	sample	200	0.014885	41407
1	messages	sample	200	0.008594	41407
1	messages	sample	200	0.008752	41407
1	messages	sample	200	0.010987	41407
1	messages	sample	200	0.009704	41407
1	messages	sample	200	0.010229	41407
1	messages	sample	200	0.014471	41407
1	messages	sample	200	0.012169	41407
1	messages	sample	200	0.013773	41407
1	messages	sample	200	0.012713	41407
1	messages	sample	200	0.014028	41407
1	messages	sample	200	0.009726	41407
1	messages	sample	200	0.013090	41407
1	messages	sample	200	0.012875	41407
1	messages	sample	200	0.011340	41407
1	messages	sample	200	0.010635	41407
1	messages	sample	200	0.010440	41407
1	messages	sample	200	0.010431	41407
1	messages	sample	200	0.012009	41407
1	messages	sample	200	0.010329	41407
1	messages	sample	200	0.011062	41407
1	messages	sample	200	0.010717	41407
1	messages	sample	200	0.012796	41407
1	messages	sample	200	0.009804	41407
1	messages	sample	200	0.011944	41407
1	messages	sample	200	0.010113	41407
1	messages	sample	200	0.010588	41407
1	messages	sample	200	0.010304	41407
1	messages	sample	200	0.010485	41407
1	messages	sample	200	0.013640	41407
1	messages	sample	200	0.010995	41407
1	messages	sample	200	0.009710	41407
1	messages	sample	200	0.010069	41407
1	messages	sample	200	0.011477	41407
1	messages	sample	200	0.014711	41407
1	messages	sample	200	0.009592	41407
1	messages	sample	200	0.009347	41407
1	messages	sample	200	0.009732	41407
1	messages	sample	200	0.009649	41407
1	messages	sample	200	0.012372	41407
1	messages	sample	200	0.009356	41407
1	messages	sample	200	0.009114	41407
1	messages	sample	200	0.008958	41407
1	messages	sample	200	0.014351	41407
1	messages	sample	200	0.008571	41407
1	messages	sample	200	0.008941	41407
1	messages	sample	200	0.008108	41407
1	messages	sample	200	0.008298	41407
1	messages	sample	200	0.011203	41407
1	messages	sample	200	0.014202	41407
1	messages	sample	200	0.010441	41407
1	messages	sample	200	0.010075	41407
1	messages	sample	200	0.012969	41407
1	messages	sample	200	0.009104	41407
1	messages	sample	200	0.012531	41407
1	messages	sample	200	0.013798	41407
1	messages	sample	200	0.011207	41407
1	messages	sample	200	0.011425	41407
1	messages	sample	200	0.013667	41407
1	messages	sample	200	0.012214	41407
1	messages	sample	200	0.009639	41407
1	messages	sample	200	0.013047	41407
1	messages	sample	200	0.010221	41407
1	messages	sample	200	0.010125	41407
1	messages	sample	200	0.012066	41407
1	messages	sample	200	0.011877	41407
1	messages	sample	200	0.011958	41407
1	messages	sample	200	0.012094	41407
1	messages	sample	200	0.011463	41407
1	messages	sample	200	0.009853	41407
1	messages	sample	200	0.010106	41407
1	messages	sample	200	0.010357	41407
1	messages	sample	200	0.010828	41407
1	messages	sample	200	0.011465	41407
1	messages	sample	200	0.012921	41407
1	messages	sample	200	0.015132	41407
1	messages	sample	200	0.012666	41407
1	messages	sample	200	0.011231	41407
1	messages	sample	200	0.011989	41407
1	messages	sample	200	0.011343	41407
1	messages	sample	200	0.011167	41407
2	cards	first	200	0.013098	953
2	cards	sample	200	0.011269	953
2	cards	sample	200	0.011573	953
2	cards	sample	200	0.011800	953
2	cards	sample	200	0.015928	953
2	cards	sample	200	0.010090	953
2	cards	sample	200	0.012810	953
2	cards	sample	200	0.017750	953
2	cards	sample	200	0.015329	953
2	cards	sample	200	0.012112	953
2	cards	sample	200	0.014093	953
2	cards	sample	200	0.016315	953
2	cards	sample	200	0.015309	953
2	cards	sample	200	0.019009	953
2	cards	sample	200	0.019676	953
2	cards	sample	200	0.018056	953
2	cards	sample	200	0.017342	953
2	cards	sample	200	0.015886	953
2	cards	sample	200	0.015924	949
2	cards	sample	200	0.013704	953
2	cards	sample	200	0.014950	952
2	cards	sample	200	0.015354	953
2	cards	sample	200	0.017582	953
2	cards	sample	200	0.015087	953
2	cards	sample	200	0.014447	953
2	cards	sample	200	0.016461	953
2	cards	sample	200	0.017836	953
2	cards	sample	200	0.015767	953
2	cards	sample	200	0.018368	953
2	cards	sample	200	0.014424	952
2	cards	sample	200	0.016976	951
2	cards	sample	200	0.018259	953
2	cards	sample	200	0.015889	953
2	cards	sample	200	0.016915	952
2	cards	sample	200	0.019835	953
2	cards	sample	200	0.016447	953
2	cards	sample	200	0.016225	953
2	cards	sample	200	0.015243	953
2	cards	sample	200	0.016047	953
2	cards	sample	200	0.015527	953
2	cards	sample	200	0.013467	953
2	cards	sample	200	0.012768	953
2	cards	sample	200	0.014284	953
2	cards	sample	200	0.014839	953
2	cards	sample	200	0.012525	953
2	cards	sample	200	0.013967	953
2	cards	sample	200	0.015368	953
2	cards	sample	200	0.014951	953
2	cards	sample	200	0.017164	953
2	cards	sample	200	0.016599	953
2	cards	sample	200	0.017608	952
2	cards	sample	200	0.016410	953
2	cards	sample	200	0.015961	953
2	cards	sample	200	0.016043	952
2	cards	sample	200	0.014810	953
2	cards	sample	200	0.014963	953
2	cards	sample	200	0.017231	953
2	cards	sample	200	0.014231	953
2	cards	sample	200	0.017772	953
2	cards	sample	200	0.019355	953
2	cards	sample	200	0.016655	953
2	cards	sample	200	0.013990	952
2	cards	sample	200	0.018690	953
2	cards	sample	200	0.013564	953
2	cards	sample	200	0.012989	953
2	cards	sample	200	0.016726	952
2	cards	sample	200	0.013685	953
2	cards	sample	200	0.018134	953
2	cards	sample	200	0.014989	953
2	cards	sample	200	0.016685	953
2	cards	sample	200	0.017958	953
2	cards	sample	200	0.015041	953
2	cards	sample	200	0.012710	953
2	cards	sample	200	0.016941	953
2	cards	sample	200	0.015982	953
2	cards	sample	200	0.016279	952
2	cards	sample	200	0.014959	952
2	cards	sample	200	0.015175	952
2	cards	sample	200	0.013958	953
2	cards	sample	200	0.016374	952
2	cards	sample	200	0.017080	953
2	cards	sample	200	0.017862	953
2	cards	sample	200	0.018701	953
2	cards	sample	200	0.014088	953
2	cards	sample	200	0.014082	953
2	cards	sample	200	0.010475	953
2	cards	sample	200	0.010756	953
2	cards	sample	200	0.011272	953
2	cards	sample	200	0.013347	952
2	cards	sample	200	0.013701	953
2	cards	sample	200	0.011680	953
2	cards	sample	200	0.015680	953
2	cards	sample	200	0.013214	953
2	cards	sample	200	0.011101	953
2	cards	sample	200	0.013178	953
2	cards	sample	200	0.010847	952
2	cards	sample	200	0.013894	953
2	cards	sample	200	0.013468	953
2	cards	sample	200	0.010775	953
2	cards	sample	200	0.016272	953
2	cards	sample	200	0.017018	953
2	sessions	first	200	0.016726	984
2	sessions	sample	200	0.012955	984
2	sessions	sample	200	0.016381	984
2	sessions	sample	200	0.016178	984
2	sessions	sample	200	0.017710	984
2	sessions	sample	200	0.014895	984
2	sessions	sample	200	0.014701	984
2	sessions	sample	200	0.017400	984
2	sessions	sample	200	0.019022	984
2	sessions	sample	200	0.016618	984
2	sessions	sample	200	0.016673	984
2	sessions	sample	200	0.018616	984
2	sessions	sample	200	0.016611	984
2	sessions	sample	200	0.017140	984
2	sessions	sample	200	0.019731	984
2	sessions	sample	200	0.017436	984
2	sessions	sample	200	0.016919	984
2	sessions	sample	200	0.016480	984
2	sessions	sample	200	0.015129	984
2	sessions	sample	200	0.014824	984
2	sessions	sample	200	0.014212	984
2	sessions	sample	200	0.013996	984
2	sessions	sample	200	0.015159	984
2	sessions	sample	200	0.018487	984
2	sessions	sample	200	0.016335	984
2	sessions	sample	200	0.026442	984
2	sessions	sample	200	0.015627	984
2	sessions	sample	200	0.018329	984
2	sessions	sample	200	0.015110	984
2	sessions	sample	200	0.014514	984
2	sessions	sample	200	0.016990	984
2	sessions	sample	200	0.013830	984
2	sessions	sample	200	0.009556	984
2	sessions	sample	200	0.013860	984
2	sessions	sample	200	0.014691	984
2	sessions	sample	200	0.016530	984
2	sessions	sample	200	0.020935	984
2	sessions	sample	200	0.025288	984
2	sessions	sample	200	0.010815	984
2	sessions	sample	200	0.028169	984
2	sessions	sample	200	0.011240	984
2	sessions	sample	200	0.018286	984
2	sessions	sample	200	0.014951	984
2	sessions	sample	200	0.015927	984
2	sessions	sample	200	0.017182	984
2	sessions	sample	200	0.018774	984
2	sessions	sample	200	0.016250	984
2	sessions	sample	200	0.017365	984
2	sessions	sample	200	0.013766	984
2	sessions	sample	200	0.019389	984
2	sessions	sample	200	0.021123	984
2	sessions	sample	200	0.018105	984
2	sessions	sample	200	0.017034	984
2	sessions	sample	200	0.015464	984
2	sessions	sample	200	0.016002	984
2	sessions	sample	200	0.014221	984
2	sessions	sample	200	0.013106	984
2	sessions	sample	200	0.017303	984
2	sessions	sample	200	0.017583	984
2	sessions	sample	200	0.015796	984
2	sessions	sample	200	0.013646	984
2	sessions	sample	200	0.015935	984
2	sessions	sample	200	0.026957	984
2	sessions	sample	200	0.017960	984
2	sessions	sample	200	0.018653	984
2	sessions	sample	200	0.012533	984
2	sessions	sample	200	0.015418	984
2	sessions	sample	200	0.018983	984
2	sessions	sample	200	0.016337	984
2	sessions	sample	200	0.026444	984
2	sessions	sample	200	0.018022	984
2	sessions	sample	200	0.015594	984
2	sessions	sample	200	0.015463	984
2	sessions	sample	200	0.017268	984
2	sessions	sample	200	0.016932	984
2	sessions	sample	200	0.018023	984
2	sessions	sample	200	0.018890	984
2	sessions	sample	200	0.017218	984
2	sessions	sample	200	0.017001	984
2	sessions	sample	200	0.020887	984
2	sessions	sample	200	0.015941	984
2	sessions	sample	200	0.015735	984
2	sessions	sample	200	0.015514	984
2	sessions	sample	200	0.014880	984
2	sessions	sample	200	0.017011	984
2	sessions	sample	200	0.016105	984
2	sessions	sample	200	0.016303	984
2	sessions	sample	200	0.015356	984
2	sessions	sample	200	0.016914	984
2	sessions	sample	200	0.026242	984
2	sessions	sample	200	0.015978	984
2	sessions	sample	200	0.016311	984
2	sessions	sample	200	0.016950	984
2	sessions	sample	200	0.013732	984
2	sessions	sample	200	0.019188	984
2	sessions	sample	200	0.020611	984
2	sessions	sample	200	0.019028	984
2	sessions	sample	200	0.016558	984
2	sessions	sample	200	0.014896	984
2	sessions	sample	200	0.019263	984
2	sessions	sample	200	0.012229	984
2	rooms	first	200	0.013903	751
2	rooms	sample	200	0.018081	751
2	rooms	sample	200	0.015262	751
2	rooms	sample	200	0.014572	751
2	rooms	sample	200	0.014768	751
2	rooms	sample	200	0.018454	751
2	rooms	sample	200	0.014131	751
2	rooms	sample	200	0.017260	751
2	rooms	sample	200	0.013342	751
2	rooms	sample	200	0.014096	751
2	rooms	sample	200	0.013572	751
2	rooms	sample	200	0.022423	751
2	rooms	sample	200	0.013557	751
2	rooms	sample	200	0.015361	751
2	rooms	sample	200	0.012515	751
2	rooms	sample	200	0.014885	751
2	rooms	sample	200	0.013043	751
2	rooms	sample	200	0.014394	751
2	rooms	sample	200	0.017389	751
2	rooms	sample	200	0.014282	751
2	rooms	sample	200	0.015207	751
2	rooms	sample	200	0.016171	751
2	rooms	sample	200	0.016738	751
2	rooms	sample	200	0.014567	751
2	rooms	sample	200	0.020262	751
2	rooms	sample	200	0.021124	751
2	rooms	sample	200	0.013124	751
2	rooms	sample	200	0.014728	751
2	rooms	sample	200	0.012461	751
2	rooms	sample	200	0.015705	751
2	rooms	sample	200	0.015798	751
2	rooms	sample	200	0.014477	751
2	rooms	sample	200	0.015717	751
2	rooms	sample	200	0.022467	751
2	rooms	sample	200	0.016055	751
2	rooms	sample	200	0.016400	751
2	rooms	sample	200	0.014333	751
2	rooms	sample	200	0.016144	751
2	rooms	sample	200	0.012427	751
2	rooms	sample	200	0.015690	751
2	rooms	sample	200	0.012195	751
2	rooms	sample	200	0.016381	751
2	rooms	sample	200	0.012290	751
2	rooms	sample	200	0.017342	751
2	rooms	sample	200	0.015248	751
2	rooms	sample	200	0.013025	751
2	rooms	sample	200	0.012240	751
2	rooms	sample	200	0.015160	751
2	rooms	sample	200	0.011798	751
2	rooms	sample	200	0.016281	751
2	rooms	sample	200	0.013733	751
2	rooms	sample	200	0.012457	751
2	rooms	sample	200	0.013543	751
2	rooms	sample	200	0.015987	751
2	rooms	sample	200	0.015707	751
2	rooms	sample	200	0.013695	751
2	rooms	sample	200	0.013981	751
2	rooms	sample	200	0.012766	751
2	rooms	sample	200	0.015905	751
2	rooms	sample	200	0.014241	751
2	rooms	sample	200	0.014193	751
2	rooms	sample	200	0.013351	751
2	rooms	sample	200	0.014543	751
2	rooms	sample	200	0.012053	751
2	rooms	sample	200	0.015314	751
2	rooms	sample	200	0.020965	751
2	rooms	sample	200	0.010272	751
2	rooms	sample	200	0.015097	751
2	rooms	sample	200	0.018166	751
2	rooms	sample	200	0.011528	751
2	rooms	sample	200	0.012253	751
2	rooms	sample	200	0.013300	751
2	rooms	sample	200	0.012596	751
2	rooms	sample	200	0.014981	751
2	rooms	sample	200	0.016492	751
2	rooms	sample	200	0.012328	751
2	rooms	sample	200	0.012963	751
2	rooms	sample	200	0.019412	751
2	rooms	sample	200	0.013143	751
2	rooms	sample	200	0.013920	751
2	rooms	sample	200	0.017633	751
2	rooms	sample	200	0.011871	751
2	rooms	sample	200	0.010429	751
2	rooms	sample	200	0.009598	751
2	rooms	sample	200	0.012343	751
2	rooms	sample	200	0.008835	751
2	rooms	sample	200	0.012414	751
2	rooms	sample	200	0.011536	751
2	rooms	sample	200	0.012282	751
2	rooms	sample	200	0.008672	751
2	rooms	sample	200	0.014706	751
2	rooms	sample	200	0.012089	751
2	rooms	sample	200	0.010760	751
2	rooms	sample	200	0.011084	751
2	rooms	sample	200	0.014227	751
2	rooms	sample	200	0.013342	751
2	rooms	sample	200	0.011455	751
2	rooms	sample	200	0.014577	751
2	rooms	sample	200	0.014560	751
2	rooms	sample	200	0.020667	751
2	rooms	sample	200	0.015551	751
2	messages	first	200	0.011679	41407
2	messages	sample	200	0.012729	41407
2	messages	sample	200	0.008340	41407
2	messages	sample	200	0.016732	41407
2	messages	sample	200	0.011958	41407
2	messages	sample	200	0.010717	41407
2	messages	sample	200	0.018957	41407
2	messages	sample	200	0.009277	41407
2	messages	sample	200	0.010660	41407
2	messages	sample	200	0.009954	41407
2	messages	sample	200	0.011927	41407
2	messages	sample	200	0.013646	41407
2	messages	sample	200	0.012337	41407
2	messages	sample	200	0.010662	41407
2	messages	sample	200	0.011367	41407
2	messages	sample	200	0.013133	41407
2	messages	sample	200	0.011562	41407
2	messages	sample	200	0.012667	41407
2	messages	sample	200	0.011457	41407
2	messages	sample	200	0.012425	41407
2	messages	sample	200	0.012992	41407
2	messages	sample	200	0.009080	41407
2	messages	sample	200	0.008716	41407
2	messages	sample	200	0.017236	41407
2	messages	sample	200	0.012143	41407
2	messages	sample	200	0.012195	41407
2	messages	sample	200	0.012156	41407
2	messages	sample	200	0.013429	41407
2	messages	sample	200	0.012447	41407
2	messages	sample	200	0.008806	41407
2	messages	sample	200	0.016396	41407
2	messages	sample	200	0.006369	41407
2	messages	sample	200	0.011546	41407
2	messages	sample	200	0.010347	41407
2	messages	sample	200	0.014439	41407
2	messages	sample	200	0.008210	41407
2	messages	sample	200	0.012836	41407
2	messages	sample	200	0.009075	41407
2	messages	sample	200	0.012627	41407
2	messages	sample	200	0.009299	41407
2	messages	sample	200	0.011738	41407
2	messages	sample	200	0.010566	41407
2	messages	sample	200	0.008602	41407
2	messages	sample	200	0.010697	41407
2	messages	sample	200	0.008756	41407
2	messages	sample	200	0.013685	41407
2	messages	sample	200	0.011357	41407
2	messages	sample	200	0.009661	41407
2	messages	sample	200	0.008507	41407
2	messages	sample	200	0.009714	41407
2	messages	sample	200	0.009111	41407
2	messages	sample	200	0.010145	41407
2	messages	sample	200	0.014295	41407
2	messages	sample	200	0.009871	41407
2	messages	sample	200	0.009786	41407
2	messages	sample	200	0.006156	41407
2	messages	sample	200	0.005201	41407
2	messages	sample	200	0.016518	41407
2	messages	sample	200	0.011100	41407
2	messages	sample	200	0.012532	41407
2	messages	sample	200	0.013097	41407
2	messages	sample	200	0.012926	41407
2	messages	sample	200	0.013042	41407
2	messages	sample	200	0.011299	41407
2	messages	sample	200	0.013548	41407
2	messages	sample	200	0.009138	41407
2	messages	sample	200	0.015001	41407
2	messages	sample	200	0.009935	41407
2	messages	sample	200	0.013706	41407
2	messages	sample	200	0.012486	41407
2	messages	sample	200	0.010943	41407
2	messages	sample	200	0.011540	41407
2	messages	sample	200	0.006292	41407
2	messages	sample	200	0.005082	41407
2	messages	sample	200	0.007031	41407
2	messages	sample	200	0.013236	41407
2	messages	sample	200	0.009144	41407
2	messages	sample	200	0.011558	41407
2	messages	sample	200	0.012556	41407
2	messages	sample	200	0.013445	41407
2	messages	sample	200	0.012612	41407
2	messages	sample	200	0.012731	41407
2	messages	sample	200	0.013048	41407
2	messages	sample	200	0.009902	41407
2	messages	sample	200	0.009419	41407
2	messages	sample	200	0.015296	41407
2	messages	sample	200	0.014763	41407
2	messages	sample	200	0.011755	41407
2	messages	sample	200	0.009765	41407
2	messages	sample	200	0.011525	41407
2	messages	sample	200	0.008983	41407
2	messages	sample	200	0.013029	41407
2	messages	sample	200	0.013157	41407
2	messages	sample	200	0.010818	41407
2	messages	sample	200	0.008779	41407
2	messages	sample	200	0.010628	41407
2	messages	sample	200	0.014198	41407
2	messages	sample	200	0.009210	41407
2	messages	sample	200	0.016322	41407
2	messages	sample	200	0.012314	41407
2	messages	sample	200	0.013454	41407
3	cards	first	200	0.014283	953
3	cards	sample	200	0.010539	953
3	cards	sample	200	0.011703	953
3	cards	sample	200	0.011131	953
3	cards	sample	200	0.011116	953
3	cards	sample	200	0.010185	953
3	cards	sample	200	0.012478	953
3	cards	sample	200	0.013254	953
3	cards	sample	200	0.012677	953
3	cards	sample	200	0.019145	953
3	cards	sample	200	0.021949	953
3	cards	sample	200	0.015324	953
3	cards	sample	200	0.014746	953
3	cards	sample	200	0.013361	953
3	cards	sample	200	0.011666	953
3	cards	sample	200	0.011109	953
3	cards	sample	200	0.012941	953
3	cards	sample	200	0.010891	953
3	cards	sample	200	0.012637	953
3	cards	sample	200	0.011349	953
3	cards	sample	200	0.015263	952
3	cards	sample	200	0.011826	953
3	cards	sample	200	0.011489	952
3	cards	sample	200	0.017310	953
3	cards	sample	200	0.014191	953
3	cards	sample	200	0.011598	953
3	cards	sample	200	0.010540	952
3	cards	sample	200	0.011312	953
3	cards	sample	200	0.015072	953
3	cards	sample	200	0.013740	953
3	cards	sample	200	0.013041	953
3	cards	sample	200	0.014651	952
3	cards	sample	200	0.014788	952
3	cards	sample	200	0.017073	953
3	cards	sample	200	0.011938	953
3	cards	sample	200	0.015940	953
3	cards	sample	200	0.016584	953
3	cards	sample	200	0.016942	953
3	cards	sample	200	0.016993	953
3	cards	sample	200	0.014201	953
3	cards	sample	200	0.015182	953
3	cards	sample	200	0.015206	953
3	cards	sample	200	0.015055	953
3	cards	sample	200	0.015755	952
3	cards	sample	200	0.021344	953
3	cards	sample	200	0.017371	953
3	cards	sample	200	0.015373	953
3	cards	sample	200	0.014242	953
3	cards	sample	200	0.017764	953
3	cards	sample	200	0.013422	953
3	cards	sample	200	0.028948	953
3	cards	sample	200	0.012249	953
3	cards	sample	200	0.013203	953
3	cards	sample	200	0.014619	953
3	cards	sample	200	0.013098	953
3	cards	sample	200	0.016207	953
3	cards	sample	200	0.013446	953
3	cards	sample	200	0.012069	953
3	cards	sample	200	0.018118	953
3	cards	sample	200	0.011950	953
3	cards	sample	200	0.012636	953
3	cards	sample	200	0.012835	953
3	cards	sample	200	0.012382	953
3	cards	sample	200	0.015559	953
3	cards	sample	200	0.016256	953
3	cards	sample	200	0.015084	953
3	cards	sample	200	0.016480	953
3	cards	sample	200	0.017292	953
3	cards	sample	200	0.013550	953
3	cards	sample	200	0.022185	953
3	cards	sample	200	0.012346	952
3	cards	sample	200	0.015178	953
3	cards	sample	200	0.022110	953
3	cards	sample	200	0.017965	953
3	cards	sample	200	0.015120	952
3	cards	sample	200	0.020276	953
3	cards	sample	200	0.015078	953
3	cards	sample	200	0.014392	953
3	cards	sample	200	0.016638	953
3	cards	sample	200	0.015716	953
3	cards	sample	200	0.014267	953
3	cards	sample	200	0.015127	953
3	cards	sample	200	0.014452	953
3	cards	sample	200	0.013494	953
3	cards	sample	200	0.012743	953
3	cards	sample	200	0.015707	952
3	cards	sample	200	0.021364	953
3	cards	sample	200	0.015205	953
3	cards	sample	200	0.025171	953
3	cards	sample	200	0.007485	953
3	cards	sample	200	0.010172	953
3	cards	sample	200	0.013593	953
3	cards	sample	200	0.015909	953
3	cards	sample	200	0.014102	953
3	cards	sample	200	0.013802	953
3	cards	sample	200	0.017558	953
3	cards	sample	200	0.015139	953
3	cards	sample	200	0.015391	952
3	cards	sample	200	0.016685	953
3	cards	sample	200	0.022287	953
3	cards	sample	200	0.013768	953
3	sessions	first	200	0.012917	984
3	sessions	sample	200	0.014714	984
3	sessions	sample	200	0.019274	984
3	sessions	sample	200	0.012355	984
3	sessions	sample	200	0.015638	984
3	sessions	sample	200	0.012376	984
3	sessions	sample	200	0.016132	984
3	sessions	sample	200	0.012555	984
3	sessions	sample	200	0.013571	984
3	sessions	sample	200	0.018520	984
3	sessions	sample	200	0.017264	984
3	sessions	sample	200	0.018175	984
3	sessions	sample	200	0.015836	984
3	sessions	sample	200	0.022154	984
3	sessions	sample	200	0.015128	984
3	sessions	sample	200	0.016892	984
3	sessions	sample	200	0.016171	984
3	sessions	sample	200	0.014605	984
3	sessions	sample	200	0.017498	984
3	sessions	sample	200	0.018591	984
3	sessions	sample	200	0.014001	984
3	sessions	sample	200	0.018835	984
3	sessions	sample	200	0.016951	984
3	sessions	sample	200	0.014798	984
3	sessions	sample	200	0.017042	984
3	sessions	sample	200	0.015335	984
3	sessions	sample	200	0.014947	984
3	sessions	sample	200	0.015196	984
3	sessions	sample	200	0.015350	984
3	sessions	sample	200	0.019015	984
3	sessions	sample	200	0.016214	984
3	sessions	sample	200	0.021967	984
3	sessions	sample	200	0.017982	984
3	sessions	sample	200	0.016806	984
3	sessions	sample	200	0.018576	984
3	sessions	sample	200	0.017599	984
3	sessions	sample	200	0.019168	984
3	sessions	sample	200	0.016122	984
3	sessions	sample	200	0.019269	984
3	sessions	sample	200	0.017582	984
3	sessions	sample	200	0.018488	984
3	sessions	sample	200	0.020984	984
3	sessions	sample	200	0.014696	984
3	sessions	sample	200	0.017991	984
3	sessions	sample	200	0.014034	984
3	sessions	sample	200	0.017069	984
3	sessions	sample	200	0.015109	984
3	sessions	sample	200	0.015654	984
3	sessions	sample	200	0.017161	984
3	sessions	sample	200	0.016511	984
3	sessions	sample	200	0.014403	984
3	sessions	sample	200	0.015879	984
3	sessions	sample	200	0.018818	984
3	sessions	sample	200	0.016655	984
3	sessions	sample	200	0.016901	984
3	sessions	sample	200	0.014725	984
3	sessions	sample	200	0.018074	984
3	sessions	sample	200	0.017493	984
3	sessions	sample	200	0.015224	984
3	sessions	sample	200	0.015153	984
3	sessions	sample	200	0.011150	984
3	sessions	sample	200	0.015857	984
3	sessions	sample	200	0.016369	984
3	sessions	sample	200	0.015186	984
3	sessions	sample	200	0.016468	984
3	sessions	sample	200	0.015320	984
3	sessions	sample	200	0.016414	984
3	sessions	sample	200	0.016602	984
3	sessions	sample	200	0.015625	984
3	sessions	sample	200	0.014702	984
3	sessions	sample	200	0.013426	984
3	sessions	sample	200	0.016193	984
3	sessions	sample	200	0.014970	984
3	sessions	sample	200	0.017242	984
3	sessions	sample	200	0.018635	984
3	sessions	sample	200	0.016816	984
3	sessions	sample	200	0.020321	984
3	sessions	sample	200	0.015183	984
3	sessions	sample	200	0.015999	984
3	sessions	sample	200	0.013240	984
3	sessions	sample	200	0.016728	984
3	sessions	sample	200	0.019539	984
3	sessions	sample	200	0.016287	984
3	sessions	sample	200	0.016302	984
3	sessions	sample	200	0.025342	984
3	sessions	sample	200	0.014205	984
3	sessions	sample	200	0.017248	984
3	sessions	sample	200	0.012556	984
3	sessions	sample	200	0.017142	984
3	sessions	sample	200	0.014212	984
3	sessions	sample	200	0.015808	984
3	sessions	sample	200	0.014799	984
3	sessions	sample	200	0.018782	984
3	sessions	sample	200	0.018233	984
3	sessions	sample	200	0.020943	984
3	sessions	sample	200	0.017047	984
3	sessions	sample	200	0.017951	984
3	sessions	sample	200	0.014035	984
3	sessions	sample	200	0.014360	984
3	sessions	sample	200	0.013656	984
3	sessions	sample	200	0.015397	984
3	rooms	first	200	0.016212	751
3	rooms	sample	200	0.015296	751
3	rooms	sample	200	0.015527	751
3	rooms	sample	200	0.013243	751
3	rooms	sample	200	0.012563	751
3	rooms	sample	200	0.013533	751
3	rooms	sample	200	0.013669	751
3	rooms	sample	200	0.012911	751
3	rooms	sample	200	0.014192	751
3	rooms	sample	200	0.015872	751
3	rooms	sample	200	0.016090	751
3	rooms	sample	200	0.011838	751
3	rooms	sample	200	0.011593	751
3	rooms	sample	200	0.010239	751
3	rooms	sample	200	0.010051	751
3	rooms	sample	200	0.010008	751
3	rooms	sample	200	0.011443	751
3	rooms	sample	200	0.009038	751
3	rooms	sample	200	0.013345	751
3	rooms	sample	200	0.012596	751
3	rooms	sample	200	0.013461	751
3	rooms	sample	200	0.014528	751
3	rooms	sample	200	0.012292	751
3	rooms	sample	200	0.022489	751
3	rooms	sample	200	0.009746	751
3	rooms	sample	200	0.017727	751
3	rooms	sample	200	0.014827	751
3	rooms	sample	200	0.015660	751
3	rooms	sample	200	0.013908	751
3	rooms	sample	200	0.012609	751
3	rooms	sample	200	0.014613	751
3	rooms	sample	200	0.012996	751
3	rooms	sample	200	0.011149	751
3	rooms	sample	200	0.015291	751
3	rooms	sample	200	0.014323	751
3	rooms	sample	200	0.016306	751
3	rooms	sample	200	0.013130	751
3	rooms	sample	200	0.014956	751
3	rooms	sample	200	0.014734	751
3	rooms	sample	200	0.016024	751
3	rooms	sample	200	0.013556	751
3	rooms	sample	200	0.013798	751
3	rooms	sample	200	0.013831	751
3	rooms	sample	200	0.013601	751
3	rooms	sample	200	0.014539	751
3	rooms	sample	200	0.012972	751
3	rooms	sample	200	0.010285	751
3	rooms	sample	200	0.012647	751
3	rooms	sample	200	0.019312	751
3	rooms	sample	200	0.018715	751
3	rooms	sample	200	0.011736	751
3	rooms	sample	200	0.014892	751
3	rooms	sample	200	0.010191	751
3	rooms	sample	200	0.012429	751
3	rooms	sample	200	0.014379	751
3	rooms	sample	200	0.013153	751
3	rooms	sample	200	0.016515	751
3	rooms	sample	200	0.042221	751
3	rooms	sample	200	0.011822	751
3	rooms	sample	200	0.009604	751
3	rooms	sample	200	0.013118	751
3	rooms	sample	200	0.032527	751
3	rooms	sample	200	0.008570	751
3	rooms	sample	200	0.026881	751
3	rooms	sample	200	0.013849	751
3	rooms	sample	200	0.016471	751
3	rooms	sample	200	0.013460	751
3	rooms	sample	200	0.019062	751
3	rooms	sample	200	0.010180	751
3	rooms	sample	200	0.016889	751
3	rooms	sample	200	0.012076	751
3	rooms	sample	200	0.013405	751
3	rooms	sample	200	0.012677	751
3	rooms	sample	200	0.015659	751
3	rooms	sample	200	0.019588	751
3	rooms	sample	200	0.013842	751
3	rooms	sample	200	0.013539	751
3	rooms	sample	200	0.011661	751
3	rooms	sample	200	0.018779	751
3	rooms	sample	200	0.012910	751
3	rooms	sample	200	0.015978	751
3	rooms	sample	200	0.016607	751
3	rooms	sample	200	0.017777	751
3	rooms	sample	200	0.013560	751
3	rooms	sample	200	0.014083	751
3	rooms	sample	200	0.017995	751
3	rooms	sample	200	0.016793	751
3	rooms	sample	200	0.014531	751
3	rooms	sample	200	0.014127	751
3	rooms	sample	200	0.014597	751
3	rooms	sample	200	0.014056	751
3	rooms	sample	200	0.015740	751
3	rooms	sample	200	0.013500	751
3	rooms	sample	200	0.016811	751
3	rooms	sample	200	0.028796	751
3	rooms	sample	200	0.016805	751
3	rooms	sample	200	0.015416	751
3	rooms	sample	200	0.017066	751
3	rooms	sample	200	0.010140	751
3	rooms	sample	200	0.011769	751
3	rooms	sample	200	0.016103	751
3	messages	first	200	0.015072	41407
3	messages	sample	200	0.012177	41407
3	messages	sample	200	0.010835	41407
3	messages	sample	200	0.012250	41407
3	messages	sample	200	0.010006	41407
3	messages	sample	200	0.009028	41407
3	messages	sample	200	0.009251	41407
3	messages	sample	200	0.009619	41407
3	messages	sample	200	0.007887	41407
3	messages	sample	200	0.012043	41407
3	messages	sample	200	0.009990	41407
3	messages	sample	200	0.008844	41407
3	messages	sample	200	0.010245	41407
3	messages	sample	200	0.007497	41407
3	messages	sample	200	0.008794	41407
3	messages	sample	200	0.009508	41407
3	messages	sample	200	0.008475	41407
3	messages	sample	200	0.008432	41407
3	messages	sample	200	0.012784	41407
3	messages	sample	200	0.008049	41407
3	messages	sample	200	0.008900	41407
3	messages	sample	200	0.008770	41407
3	messages	sample	200	0.009091	41407
3	messages	sample	200	0.012862	41407
3	messages	sample	200	0.014660	41407
3	messages	sample	200	0.013065	41407
3	messages	sample	200	0.011338	41407
3	messages	sample	200	0.009857	41407
3	messages	sample	200	0.009370	41407
3	messages	sample	200	0.008474	41407
3	messages	sample	200	0.011410	41407
3	messages	sample	200	0.008735	41407
3	messages	sample	200	0.008404	41407
3	messages	sample	200	0.011132	41407
3	messages	sample	200	0.013538	41407
3	messages	sample	200	0.012704	41407
3	messages	sample	200	0.010386	41407
3	messages	sample	200	0.008837	41407
3	messages	sample	200	0.010352	41407
3	messages	sample	200	0.009507	41407
3	messages	sample	200	0.009679	41407
3	messages	sample	200	0.008351	41407
3	messages	sample	200	0.009958	41407
3	messages	sample	200	0.009145	41407
3	messages	sample	200	0.008980	41407
3	messages	sample	200	0.009267	41407
3	messages	sample	200	0.012946	41407
3	messages	sample	200	0.009284	41407
3	messages	sample	200	0.012186	41407
3	messages	sample	200	0.009758	41407
3	messages	sample	200	0.008642	41407
3	messages	sample	200	0.009537	41407
3	messages	sample	200	0.008911	41407
3	messages	sample	200	0.009044	41407
3	messages	sample	200	0.009272	41407
3	messages	sample	200	0.010663	41407
3	messages	sample	200	0.012542	41407
3	messages	sample	200	0.012365	41407
3	messages	sample	200	0.006951	41407
3	messages	sample	200	0.010573	41407
3	messages	sample	200	0.010602	41407
3	messages	sample	200	0.012905	41407
3	messages	sample	200	0.014074	41407
3	messages	sample	200	0.011123	41407
3	messages	sample	200	0.011685	41407
3	messages	sample	200	0.012571	41407
3	messages	sample	200	0.011546	41407
3	messages	sample	200	0.008415	41407
3	messages	sample	200	0.014026	41407
3	messages	sample	200	0.006434	41407
3	messages	sample	200	0.013215	41407
3	messages	sample	200	0.011831	41407
3	messages	sample	200	0.009436	41407
3	messages	sample	200	0.012071	41407
3	messages	sample	200	0.009908	41407
3	messages	sample	200	0.009490	41407
3	messages	sample	200	0.012976	41407
3	messages	sample	200	0.009728	41407
3	messages	sample	200	0.013716	41407
3	messages	sample	200	0.011921	41407
3	messages	sample	200	0.009426	41407
3	messages	sample	200	0.008685	41407
3	messages	sample	200	0.011051	41407
3	messages	sample	200	0.008203	41407
3	messages	sample	200	0.015191	41407
3	messages	sample	200	0.010888	41407
3	messages	sample	200	0.008999	41407
3	messages	sample	200	0.007449	41407
3	messages	sample	200	0.016778	41407
3	messages	sample	200	0.008130	41407
3	messages	sample	200	0.009439	41407
3	messages	sample	200	0.013527	41407
3	messages	sample	200	0.008095	41407
3	messages	sample	200	0.008676	41407
3	messages	sample	200	0.011360	41407
3	messages	sample	200	0.006751	41407
3	messages	sample	200	0.009431	41407
3	messages	sample	200	0.009195	41407
3	messages	sample	200	0.010615	41407
3	messages	sample	200	0.008909	41407
3	messages	sample	200	0.009737	41407
