phase	group	kind	seq	ok	elapsed_ms	doc_bytes	api_bytes	assets_bytes	note
3	sessions	cold	0	1	86	767	51432	1126759	
3	sessions	warmup	1	1	69	767	49867	1126759	
3	sessions	warmup	2	1	81	767	51431	1126759	
3	sessions	warmup	3	1	76	767	50179	1126759	
3	sessions	warmup	4	1	66	767	49866	1126759	
3	sessions	warmup	5	1	75	767	51119	1126759	
3	sessions	sample	6	1	76	767	51432	1126759	
3	sessions	sample	7	1	79	767	51432	1126759	
3	sessions	sample	8	1	70	767	51432	1126759	
3	sessions	sample	9	1	83	767	51119	1126759	
3	sessions	sample	10	1	82	767	51432	1126759	
3	sessions	sample	11	1	92	767	51432	1126759	
3	sessions	sample	12	1	78	767	51431	1126759	
3	sessions	sample	13	1	72	767	51432	1126759	
3	sessions	sample	14	1	73	767	51431	1126759	
3	sessions	sample	15	1	96	767	51432	1126759	
3	sessions	sample	16	1	79	767	51431	1126759	
3	sessions	sample	17	1	72	767	51431	1126759	
3	sessions	sample	18	1	81	767	51432	1126759	
3	sessions	sample	19	1	89	767	51430	1126759	
3	sessions	sample	20	1	89	767	51431	1126759	
3	sessions	sample	21	1	81	767	51118	1126759	
3	sessions	sample	22	1	70	767	49865	1126759	
3	sessions	sample	23	1	75	767	51120	1126759	
3	sessions	sample	24	1	76	767	51432	1126759	
3	sessions	sample	25	1	65	767	51431	1126759	
3	sessions	sample	26	1	77	767	51427	1126759	
3	sessions	sample	27	1	79	767	51429	1126759	
3	sessions	sample	28	1	74	767	51432	1126759	
3	sessions	sample	29	1	80	767	51432	1126759	
3	sessions	sample	30	1	71	767	51432	1126759	
3	sessions	sample	31	1	70	767	51431	1126759	
3	sessions	sample	32	1	81	767	51431	1126759	
3	sessions	sample	33	1	74	767	51432	1126759	
3	sessions	sample	34	1	74	767	51120	1126759	
3	sessions	sample	35	1	75	767	51432	1126759	
3	sessions	sample	36	1	80	767	51432	1126759	
3	sessions	sample	37	1	82	767	51430	1126759	
3	sessions	sample	38	1	69	767	50179	1126759	
3	sessions	sample	39	1	82	767	51432	1126759	
3	sessions	sample	40	1	92	767	51432	1126759	
3	sessions	sample	41	1	82	767	51432	1126759	
3	sessions	sample	42	1	69	767	49867	1126759	
3	sessions	sample	43	1	78	767	49866	1126759	
3	sessions	sample	44	1	74	767	51431	1126759	
3	sessions	sample	45	1	73	767	51117	1126759	
3	sessions	sample	46	1	72	767	51120	1126759	
3	sessions	sample	47	1	83	767	50178	1126759	
3	sessions	sample	48	1	66	767	51118	1126759	
3	sessions	sample	49	1	77	767	51120	1126759	
3	sessions	sample	50	1	73	767	51430	1126759	
3	sessions	sample	51	1	75	767	51431	1126759	
3	sessions	sample	52	1	76	767	49867	1126759	
3	sessions	sample	53	1	67	767	49867	1126759	
3	sessions	sample	54	1	81	767	51120	1126759	
3	sessions	sample	55	1	77	767	51430	1126759	
3	sessions	sample	56	1	79	767	51431	1126759	
3	sessions	sample	57	1	67	767	51119	1126759	
3	sessions	sample	58	1	82	767	51120	1126759	
3	sessions	sample	59	1	84	767	51432	1126759	
3	sessions	sample	60	1	80	767	51432	1126759	
3	sessions	sample	61	1	98	767	51432	1126759	
3	sessions	sample	62	1	81	767	51432	1126759	
3	sessions	sample	63	1	76	767	51432	1126759	
3	sessions	sample	64	1	79	767	51430	1126759	
3	sessions	sample	65	1	76	767	51432	1126759	
3	sessions	sample	66	1	86	767	51120	1126759	
3	sessions	sample	67	1	80	767	51432	1126759	
3	sessions	sample	68	1	73	767	51432	1126759	
3	sessions	sample	69	1	87	767	50179	1126759	
3	sessions	sample	70	1	70	767	51120	1126759	
3	sessions	sample	71	1	72	767	51432	1126759	
3	sessions	sample	72	1	82	767	51432	1126759	
3	sessions	sample	73	1	76	767	51432	1126759	
3	sessions	sample	74	1	87	767	51120	1126759	
3	sessions	sample	75	1	69	767	51120	1126759	
3	sessions	sample	76	1	68	767	49866	1126759	
3	sessions	sample	77	1	78	767	51432	1126759	
3	sessions	sample	78	1	75	767	51432	1126759	
3	sessions	sample	79	1	88	767	51432	1126759	
3	sessions	sample	80	1	74	767	51431	1126759	
3	sessions	sample	81	1	73	767	51431	1126759	
3	sessions	sample	82	1	72	767	51432	1126759	
3	sessions	sample	83	1	62	767	49867	1126759	
3	sessions	sample	84	1	78	767	51432	1126759	
3	sessions	sample	85	1	76	767	51431	1126759	
3	sessions	sample	86	1	66	767	51119	1126759	
3	sessions	sample	87	1	77	767	51432	1126759	
3	sessions	sample	88	1	81	767	51432	1126759	
3	sessions	sample	89	1	73	767	51120	1126759	
3	sessions	sample	90	1	82	767	51432	1126759	
3	sessions	sample	91	1	75	767	51431	1126759	
3	sessions	sample	92	1	73	767	51432	1126759	
3	sessions	sample	93	1	83	767	51119	1126759	
3	sessions	sample	94	1	82	767	51432	1126759	
3	sessions	sample	95	1	86	767	51432	1126759	
3	sessions	sample	96	1	76	767	51119	1126759	
3	sessions	sample	97	1	96	767	51432	1126759	
3	sessions	sample	98	1	75	767	51432	1126759	
3	sessions	sample	99	1	113	767	48783	1126759	
3	sessions	sample	100	1	196	767	51431	1126759	
3	sessions	sample	101	1	100	767	50037	1126759	
3	sessions	sample	102	1	99	767	51430	1126759	
3	sessions	sample	103	1	87	767	49867	1126759	
3	sessions	sample	104	1	102	767	51120	1126759	
3	sessions	sample	105	1	144	767	51432	1126759	
